126415614616154112,Now all @Apple has to do is get swype on the iphone and it will be crack. Iphone that is,positive,apple
126402758403305474,Hilarious @youtube video - guy does a duet with @apple 's Siri. Pretty much sums up the love affair! http://t.co/8ExbnQjY,positive,apple
126397179614068736,@RIM you made it too easy for me to switch to @Apple iPhone. See ya!,positive,apple
126379685453119488,The 16 strangest things Siri has said so far. I am SOOO glad that @Apple gave Siri a sense of humor! http://t.co/TWAeUDBp via @HappyPlace,positive,apple
126377656416612353,Great up close & personal event @Apple tonight in Regent St store!,positive,apple
126373779483004928,From which companies do you experience the best customer service aside from @zappos and @apple?,positive,apple
126365858481188864,Lmao I think @apple is onto something magical! I am DYING!!! haha. Siri suggested where to find whores and where to hide a body lolol,positive,apple
126360935509135362,"RT @PhillipRowntree: Just registered as an @apple developer... Here's hoping I can actually do it... Any help, greatly appreciated!",positive,apple
126360398885687296,Wow. Great deals on refurbed #iPad (first gen) models. RT: Apple offers great deals on refurbished 1st-gen iPads http://t.co/ukWOKBGd @Apple,positive,apple
126358340220616704,"Just registered as an @apple developer... Here's hoping I can actually do it... Any help, greatly appreciated!",positive,apple
126357982685569024,‰Ω†Â•Ω ! Currently learning Mandarin for my upcoming trip to Hong Kong. I gotta hand it to @Apple iPhones & their uber useful flashcard apps  ÓîñÓîì,positive,apple
126352268705538048,"Come to the dark side üì±‚Äú@gretcheneclark: Hey @apple, if you send me a free iPhone, I will publicly and ceremoniously burn my #BlackBerry.‚Äù",positive,apple
126342268603998208,"Thanks to @Apple Covent Garden #GeniusBar for replacing my MacBook keyboard/cracked wristpad during my lunch break today, out of warranty.",positive,apple
126325800080392193,@DailyDealChat @apple Thanks!!,positive,apple
126324177501302784,iPads Replace Bound Playbooks on Some N.F.L. Teams http://t.co/2UXAWKwf @apple @nytimes,positive,apple
126322063332999169,@apple @siri is efffing amazing!!,positive,apple
126318009647235072,"RT @TripLingo: We're one of a few ""Featured Education Apps"" on the @Apple **Website** today, sweet! http://t.co/0yWvbe1Z",positive,apple
126315223060709376,"We're one of a few ""Featured Education Apps"" on the @Apple **Website** today, sweet! http://t.co/0yWvbe1Z",positive,apple
126314687116750849,We did an unexpected workshop for the #iPhone4S at @apple yesterday and we got an awesome amount of info #notjustaboutthephone @gamerchik16,positive,apple
126311981564178432,---¬ª RT @Apple No question bro. RT @AintEeenTrippin: Should I get dis iPhone or a EVO 3D?,positive,apple
126301956951117826,@Twitter CEO points to @Apple as 'corporate mentor' as @iOS signups triple http://t.co/GCY8iphN,positive,apple
126287654093471745,At the bus with my iPhone ;) thxx @apple,positive,apple
126284506360578049,"@azee1v1 @apple @umber AppStore is well done, so is iTunes on the mobile devices.  I was talking about desktop app.",positive,apple
126263834968211456,NYTimes: Coach Wants to See You. And Bring Your iPad. http://t.co/J2FTiEnG #iPad @apple set red 42 red 42 hut hut @NFL wish I had an #iPad,positive,apple
126256230397259776,@apple @jilive @DanielPink: Apple sells 4 million iPhone 4S units in first weekend ... Steve Jobs brilliance lives on for ever! #iphone #RVA,positive,apple
126195522691280896,@bkad5161 than apologize to @apple ;),positive,apple
126180209501286400,"Lmfao look at the argument I had with Siri !!
@ijustine @apple http://t.co/D4VjL7SI",positive,apple
126164430546403328,Incredible: 4 million iPhone 4Ss in 3 days. 135% better than the iPhone 4 http://t.co/1FMJxTMM @apple #iphone4s,positive,apple
126140794078892033,Well @apple fixed my #ios5 battery drain problem with a replacement iPhone 4 -- it's working like a champ now,positive,apple
126134400466419712,Currently ordering a BRAND NEW MACBOOK PRO!!! Bahhh... my MacBook is 5 years old. I'll miss it. But it's time. cc: @Apple -,positive,apple
126116898051076096,"#Siri now knows who my dad, mom, brother and girlfriend is.  Thanks @apple",positive,apple
126116614495154176,Well at least the @apple store has amazing call waiting music! #need4s,positive,apple
126112836219973632,#sweet... #apple replaced my glass #probono. thank you @apple,positive,apple
126107965991297024,Not Bad! @Apple Sells Over 4 Million #IPhones in Debut Weekend - Bloomberg http://t.co/AVSl3ygU - #smartphone #sm RT @VinodRad,positive,apple
126104732426186752,"loving new technology from @apple iPhone 4s, mac air and iCloud are unreal #technology",positive,apple
126097426493878272,I'm loving this new IOS5 update :) @apple,positive,apple
126095744531832832,Another mention for Apple Store: http://t.co/fiIOApKt - RT @floridamike Once again getting great customer service from the @apple store ...,positive,apple
126084907343691776,Time to go get my iPhone 4s.  Looking forward to sticking it to the man by no longer paying for most texts.  Thanks @apple.,positive,apple
126076238375817216,#iCloud set up was flawless and works like a champ! To the Cloud @Apple,positive,apple
126075534894571520,@Wisconsin_Mommy @Apple I'd totally email the company... I always get great service at our @Apple store!,positive,apple
126064519943426048,@apple loving the new IOS5 upgrade for the iPhone!,positive,apple
126063358037340161,Once again getting great customer service from the @apple store at millenia mall.,positive,apple
126059405941809152,Is it just me or is #iOS5 faster for the iPad? @apple,positive,apple
126057030996852737,making the switch from @Android to @Apple #iphone #iphone4S #smartphone #stevejobs (@ Apple Store) http://t.co/kj6pJvkH,positive,apple
126040074595999746,Play on ma man. Loving the camera in the #iphone4s. Well done @apple  #fb http://t.co/tmdFqRe1,positive,apple
126034495991328768,So yeah... @apple #iOS5 #readinglists have changed my life. #nowicanspendevenmoretimeonmyphone.,positive,apple
126026756623831041,@Apple Safari Reader owns the worldwide web,positive,apple
126019393460244481,I love @apple service . My case has cracked 3x and I go in and they hand me a case and I walk out,positive,apple
126009748020658177,Said to have laid out the next 4 years @apple.Jobs last iPhone is 2012 not the iPhone4S. iPhone(4G/5) 2012 is magical! http://t.co/DxxklUBp,positive,apple
126008369562652672,"Kind of excited. On my way to my last class right now and then going to the @Apple store, so buy #MacOSC Snow Leopard and Lion :-)",positive,apple
126002597063696384,i used to be with @blackberry over 4-5yrs .. after all the disruptions and lost gigs thx to their service im moving to @apple #iphone,positive,apple
125999676972470272,"Apple sells 4 million iPhones in 3 days @apple keep doing what you are doing, because you are doing it well! http://t.co/ZZc6bE0w",positive,apple
125978568726560768,"4 millions in a weekend, 16 #iPhone4S per second. This is madness?! no, this is @Apple !!!",positive,apple
125974505385500672,.@apple you got me. I'm now invested. MacBook Pro next year. Time to get on selling more of my #android gear,positive,apple
125959059957485569,I just sent my grandma a post card using my #CardsApp thanks @Apple,positive,apple
125947912306954240,"@KostaTsetsekas @apple Putting it in the wash is kind of the equivalent to ""Will it blend?"" Glad to hear it's still alive.",positive,apple
125940394566483968,"God Bless @YouTube, @apple for  #appletv & our bad ass system. LOVING #PrincessOfChina. GB to @coldplay & @rihanna too :)",positive,apple
125925618486489088,Been off twitter for a few days as I smashed my iPhone but @apple were very nice and gave me a new one :),positive,apple
125924446430183425,Thank you @Apple iOS 5 for email pop up on the lock screen and opening it when unlocking.,positive,apple
125922999651139584,One word - #wow. RT @jldavid iPhone 4S First Weekend Sales Top Four Million: http://t.co/Zx5Pw0GT (via @apple),positive,apple
125902301931126785,RT @MN2NOVA: Love ios5 Easter eggs. Pull down from middle top to bottom and see what pulls down. Awesome little feature! #ios5 @apple,positive,apple
125901202591461376,Love ios5 Easter eggs. Pull down from middle top to bottom and see what pulls down. Awesome little feature! #ios5 @apple,positive,apple
125900497327636480,Love #ios5 Easter eggs. Pull down from middle top to bottom and see what pulls down. Awesome little feature! @apple #lovemyiphone,positive,apple
125850288488841217,"Gone for a run, beautiful morning , man do I love iOS 5 @apple, #iPhone",positive,apple
125840039031738368,@apple your simply the best.,positive,apple
125794931439702016,I must admit @apple has made me a very happy camper! I have text tones now! Lol! Ring tone: #MakeMeProud Drakes vers! Text tone: Nicki's,positive,apple
125728717942161408,"Day305, I'm thankful for the great customer service received today from @Apple via phone CS, new phone on the way #365daysofgratefulness",positive,apple
125722746100531200,Loving the new iPod update @apple,positive,apple
125717622728818688,@alexlindsay My wife upgraded her iPhone 4. I think Siri alone is worth the upgrade. Looking forward to @Apple continuing to enhance Siri.,positive,apple
125713935344214016,@SteveJobs being honored tonite @Apple...A truly great loss to the world.He will so be missed,positive,apple
125712433087123456,Thx @instagram Thx @apple #hypo #D-76 #tri-x http://t.co/D7EeJHBT,positive,apple
125708639607599104,Loving my new #iPhone4S thanks @apple for #ios5,positive,apple
125681742760771584,@apple Siri is amazing,positive,apple
125677424565424128,"Meet #Siri, your new iPhone butler. Click the link and be amazed by all it can do: http://t.co/lvfFdCEL @Apple",positive,apple
125667241978114048,"So, I am using my work PC (NEVER EVER) to get a feel for it; it has the worst speakers ever!! @apple you have spoiled me!! #imamac",positive,apple
125664375364255744,I ‚ô• @Apple http://t.co/a8on3IAa,positive,apple
125662399217930240,@apple just got the new iOS5 upgrade with iMessage...good luck surviving now @BlackBerry,positive,apple
125652668080336896,Loving #iOS5 !! #awesome @Apple,positive,apple
125648027045199873,"RT @MattyRiesz: @kathrynyee You were right, an iPhone is a must have. #addicted {WELCOME TO THE @APPLE CLUB}",positive,apple
125643107260829697,@blackberry boo hiss!............@apple wuhu!!!!!!!! When will my berry powered technology actually work??,positive,apple
125628199269961729,@Apple's Siri is witchcraft.  What's next @googleresearch. 2 yr lead lost?,positive,apple
125623745284018176,"@Apple iOS 5 is sweet! Notifications, phone search covers mail now, wifi sync, iCloud backup and integrated Twitter are all well done.",positive,apple
125618466353983488,RT @katebetts: Another great James Stewart story in today's NY Times about importance of architecture in @apple retail success http://t. ...,positive,apple
125610372727193601,Another great James Stewart story in today's NY Times about importance of architecture in @apple retail success http://t.co/Kniz452s,positive,apple
125596541028282369,Welcome to the twitter world @MarkStuver. This is due to #iOS5 and @apple thanks guys.,positive,apple
125585606100267008,Impressive service @apple genius bar metro centre. Power cable replaced free n booked in for screen replacement for free :- D,positive,apple
125562428200202240,RT @deb_lavoy: the nice guy at the @apple store replaced my phone gratis when I showed him the hairline  crack on the screen. thanks @apple,positive,apple
125561950376701952,the nice guy at the @apple store replaced my phone gratis when I showed him the hairline  crack on the screen. thanks @apple,positive,apple
125550135911518209,"My iPhone 4S battery lasted longer than a day. That hasn't happened since my edge iPhone. Nice job, @apple.",positive,apple
125547297072357376,It would have taken me 15 mins to write this with my #Blackberry. Thank u @Apple 4s for converting me and showing me the grass is greener!,positive,apple
125539788546781185,RT @herahussain: @RickySinghPT got a new backside for my eye phone! V impressed with @apple,positive,apple
125537993942515712,@RickySinghPT got a new backside for my eye phone! V impressed with @apple,positive,apple
125537578974851072,#iPhone 4S in Space http://t.co/jINNHVwz this is amazing #creative @apple your products inspire people to do unbelievable things,positive,apple
125524107386302465,Thank you @apple for making my iPad 2 feel like new again with your new iOS 5!,positive,apple
125501576952553472,Using my awsome iPad... I love it. I love my MacBook too and my iPod. It's all amazing! I love @apple,positive,apple
125501281753251840,@apple iOS 5 upgrade done ...... Much better feature..... Few more feature required,positive,apple
125495491701125120,New iOS 5 update is THE BEST. iloveyou @apple,positive,apple
125459338524499969,"Finally got my iPhone 4S, thanks @Apple. Stupid @att. Learned my lesson.",positive,apple
125455260801179648,"I absolutely love my iPhone 4S. Thank you, Steve and @apple.",positive,apple
125423290767507456,@apple - you have invented a product that actually gets my brother to call my parents when he gets where he's going. Amazing. #siri #ipod4s,positive,apple
125416879035658240,"dammit, listening to siri is making me want to upgrade. well played @apple.",positive,apple
125407532893224962,"Create new folders from within your photo album in #iOS5, finally!! Thanks @Apple, that's been a thorn in my side for a while. #newfeature",positive,apple
125402412147146752,@Blackberry & @Facebook U R really about to make me throw this @Blackberry in the trash an get an @Apple iPhone! @Facebook upload issues!,positive,apple
125393816470568961,#iOS5 update submitted to @apple! Thanks for all the support!,positive,apple
125356807626559488,Awesome service from the @apple store in pc. Thanks chris!,positive,apple
125338216411828224,I am crazy about #iOS5 . The photo cropping is the best! @apple,positive,apple
125333598197911552,.@apple thanks for fixing this... http://t.co/wTj1ogDO,positive,apple
125313088160411649,@apple has changed life.,positive,apple
125309946723188736,Mad props to the @apple employee that didn't charge me to replace the back plate on my iPhone! Made my day!,positive,apple
125279987254300672,The #iphone4s is  amazing. Siri's voice recognition is absolutely a step above previous attempts. Bravo @apple,positive,apple
125256305647693825,#iOs5 is nice and as it had to be ! Thanks @Apple,positive,apple
125252188065902592,Good support fm Kevin @apple #Bellevue store 4 biz customers TY!,positive,apple
125238017299451905,@Apple: Siri is amazing!!! I'm in love!,positive,apple
125165176772247552,Love love love iOS 5!! @apple,positive,apple
126418790706712576,RT @cjwallace03: So apparently @apple put MB cap on your SMS with the new update. 25mb storage before it tells you your inbox is full. W ...,negative,apple
126417285559762944,"RT @Jewelz2611 @mashable @apple, iphones r 2 expensive. Most went w/ htc/galaxy. No customer loyalty w/phone comp..",negative,apple
126416915664084992,"@mashable @apple, iphones r 2 expensive. Most went w/ htc/galaxy. No customer loyalty w/phone comp..",negative,apple
126411162622496768,@apple why my tunes no go on my iPhone? iPhone lonely without them. silly #iOS5,negative,apple
126410591949697024,@apple needs to hurry up and release #iTunesMatch,negative,apple
126409696553861121,Why is  #Siri always down @apple,negative,apple
126408864387182593,I just need to exchange a cord at the apple store why do I have to wait for a genius? @apple,negative,apple
126408052525105153,"@apple AirDrop #fail - Immediate ""declined your request."" every time",negative,apple
126405185630253056,Yellowgate? Some iPhone 4S Users Complain of Yellow Tint to Screen http://t.co/uaqrxTNk @apple @iphone4s,negative,apple
126405040809312256,The one #iphone feature still missing since @apple first showed it.. Contacts pictures on the contacts list! Simple yet 5 major updates miss,negative,apple
126400637930979329,Asked siri is she dreams of electric sleep. Was disappointed that she didn't have a snippy answer.  Missed opportunity @apple,negative,apple
126393204550537216,FUCK YOU @apple DIE IN A FUCKING BLAZE INFERNO.,negative,apple
126392402083708928,"Oh, @apple. Steve obviously had nothing to do with iPhoto, as it's the perfect opposite of 'insanely great'. Get it fixed, please.",negative,apple
126385036441296896,"shit, shit, shit. IOS5 update ate all my apps, data and media just like @apple said it would. This is going to take some time to rebuild.",negative,apple
126382959711358976,. @apple & @AT&T u cannot tell me there isn't at least 1 64GB iPhone 4S in LA or Vegas!! Give me a fucking break!!!!,negative,apple
126382051661328385,Love @apple downloads. 4 hours and i-pad now wonky! #ripstevejobs #thenonsensepersists #neednewipadguide #fatfuckingchance,negative,apple
126381519513194497,Dear @apple My new Air is now a notbook since your update killed #wifi #bug #destroying #productivity,negative,apple
126380588822298625,"I am so done with @Att and @apple 's profitering and lack of customer service, so fucking down with both!!!",negative,apple
126377298650861568,@apple thank you for ruining my 3GS with #iOS5. You've just turned my phone into an utterly useless pile of shit.,negative,apple
126375381249966080,"@rogerweir no but I have the option of a  replacement iPhone 4s ?
Not sure if I want one after having 2 duff iPhones.
@O2 @iphone4s @apple",negative,apple
126372694118768640,So apparently @apple put MB cap on your SMS with the new update. 25mb storage before it tells you your inbox is full. What is this 2001?,negative,apple
126372040696541184,"You know @apple It's been almost a week since I paid for iTunes Match, I would really like to use it. Any ETA on a fix?",negative,apple
126363154837020672,removing all @apple shit.,negative,apple
126361483432038400,So @PhoenixSwinger 's iPhone 4 is giving her a hella hard time w/ the iOS5 update @apple,negative,apple
126358301393956866,@Apple can't send me an iPhone preordered 1hr after launching but they cans send 5 or 10 to all the jackasses who want to shoot or blend 'em,negative,apple
126358272084152320,Gotta say the @Apple itouch iphone shuffle etc.. sound quality is AWFUL.. painfully crap. Its been a downgrade from @Sony sound quality wise,negative,apple
126357580741226496,"@bisquiat @Apple the upgrade just slows down my phone so much, it's stuck half the time. uch. thankfully no other damage. sucks for you :(",negative,apple
126357227727626240,@Mayati I think @Apple didn't do such a thorough job with the step x steps for upgrade and move to iCloud. Now it's cost me mightily.,negative,apple
126354628999778305,Hey @apple now I have iOS5 my iPhone doesn't include songs that are on compilation albums under the artist's name. #whaddupwitdat,negative,apple
126351972948393984,@NickTheFNicon He can send but not rcve txts so he has an apt @apple at 4pm.Then he exclaims: And I waited a whole YEAR for this phone!!LMAO,negative,apple
126348169826148352,Total chaos at @apple store regent street. Like an Ethiopian feeding station. Can't believe this is same co. that makes all that cool shit.,negative,apple
126344426854416385,"@FishMama: If you made a purchase, just wait for the @apple survey! hate going b/c of the bad #custserv",negative,apple
126343931117047808,Correction: @ Best Buy kudos to Chris @ Alamo Ranch S.A. TX-fixed issues couldn't resolve after 1/2 day w/ @ATT & @Apple. Hero of my day!,negative,apple
126343679785959424,"@phxguy88 @Apple @BGR That's why all the ppl who stand in line for hrs to get the ""newest"" model are suckers...",negative,apple
126343214805426176,Would it kill @apple to put a braille type bump on their earbuds so we know which bud is R and L in the dark.,negative,apple
126334597431697408,@APPLE Wow @MOTOROLA Just crushed your dreams....,negative,apple
126331327271284736,"Oh, just fuck you, @apple. Already?? ---&gt;  iPhone 5 on schedule for summer launch? http://t.co/Ofh9PTaG via @BGR",negative,apple
126327808803880960,"@apple, 
No, I won't wait until thursday for an available appointment just so a 'genius' can tell me I'm shit out of luck. #now",negative,apple
126324573384871936,"@Apple, on the #iPad with #iOS5, why has the Messages Icon been included when it can't be used?",negative,apple
126324389741473792,@Steelo254 yea! I pre-order through @apple and they sorry too just like #AT&T,negative,apple
126324077513293824,Interesting... @apple now requires you to have a reservation ?         #apple #iphone #4S    :  http://t.co/zZK4fTii,negative,apple
126321169468100609,@apple why is my iPhone battery so crappy #fail,negative,apple
126320033369563138,My @Apple @macbook keyboard will not type :(,negative,apple
126310645443461121,"Why doesn't @apple iCloud sync Stickies? They've always been around, just nothing every progressed w/ them!! Why apple why?  @gruber",negative,apple
126309616391950336,"@apple, your new ""Save a Version"" function in Pages is absolutely the most awful, interrupting, counter-intuitive piece of crap in the world",negative,apple
126307071984545793,I hate my @apple computer.  Thats 3500 dollars down the drain.,negative,apple
126302386644975616,@apple my iPhone is charging very slowly!!!!!,negative,apple
126297326565330944,"@apple Wish I could pick month, day, and YEAR when setting a new calendar item on my iPhone. Why hasn't the new iOS fixed this yet?!",negative,apple
126292335540699136,"@Apple iTunes is the worst program ever. For such a great phone, you make some awful software.",negative,apple
126286814578348032,One would think the voice recognition on the @apple tech support line would work a little better.,negative,apple
126283602571964416,"@apple $319 to repair my iPad 2, Apple you've lost me and my $700 a year, Android here I come!",negative,apple
126281019476291585,"@azee1v1 @apple @umber Proper consolidation, proper syncing, stop losing my PURCHASED items, checkboxes that do what you think they will do.",negative,apple
126280555980529664,@AsimRang @apple @umber the desktop app is wack though,negative,apple
126279811151831042,I made a reservation and yet I still have to wait in line. Humpt! Oh @apple (@ Apple Store w/ 2 others) http://t.co/JZmVBdNm,negative,apple
126257645282799616,Dear @apple. I had to turn off all those awesome featured you just enabled. Data plan can't handle it. 200 mb of data just because #,negative,apple
126251052667375616,#DontBeMadAtMeBecause #Android is by far better than @Apple,negative,apple
126247557339947008,@apple is there a problem with iOS 5 that is preventing audio apps and audio functions from operating properly? I keep losing sound.,negative,apple
126243680129523712,@apple #apple One thing I hater about this #mouse the #buttery finish so fast am not #happy now #macworld @macworld http://t.co/5Uh4a4Vt,negative,apple
126240605419487232,Hey @Apple: stop sending your automatically-depreciate-all-iPhones-older-than-the-4s signal. My #iPhone4 is dying rapidly processor-wise.,negative,apple
126238223537152001,Only thing bad about the new @canon camera is that it has two compact flash cards... not one of SD. SD goes in my @apple computer. Damn you!,negative,apple
126221894126022656,Wtf @apple 64 pages for the new terms & conditions when u update ur apps from the iTunes store. Do u really think we'll read em? Really???,negative,apple
126189036644728832,fuck u @apple,negative,apple
126188946974720000,oh and prolly ganna be late to work bc @apple has screwed me and my phone has my only alarm on it,negative,apple
126188717902802944,why the fuck dose my phone decide its just ganna freeze every time i try to update it so fucking sick of @apple,negative,apple
126188686453907457,. if u need me just text me o wait u i wont get it cuz @apple fucks me every time #fuckingpissed,negative,apple
126167083334643713,Like @apple da fuck is this shit?  http://t.co/nb4DHlSg,negative,apple
126163250172801024,Damn it @Apple!! Whatchu done to my phone??,negative,apple
126158846375903233,"Samsung seeks iPhone 4S ban in Japan and Australia
Patent war intensifies with injunction sought against @Apple http://t.co/QmwjTvnk",negative,apple
126155291288023040,"@apple, why is it every time there is iOS software update my iPad goes dead and I need to totally restore? #fail",negative,apple
126153311521996800,@apple #iOS.5 has been nothing but a pain in the ass no room for my music.. Or photos.. Or apps! Can I undo this garbage??,negative,apple
126150581558591488,"@apple the reservation system not working, shows no products avail let alone iphone 4s I had the site open in 3 browsers at 9 PM and nothing",negative,apple
126143926523539457,@albertmal88 remember @apple is evil. #icloud entering the #dropbox market,negative,apple
126141380409036800,I know a few others having same issue RT @Joelplane: 9% now on my second full charge of the day. Pissed @Apple,negative,apple
126141077131497472,9% now on my second full charge of the day. Pissed @Apple,negative,apple
126132919117938689,RT @ShayDiddy: @CircusTK @ups @apple both of them are bs!!! How do u tell me go between a certain time ONLY and the muh fuh is closed!,negative,apple
126131535211536384,I'm wit chu!! ‚Äú@ShayDiddy: Officially boycotting @ups!!! Calling @apple to curse them out next for using them wasting my time!‚Äù,negative,apple
126129582326816769,iTunes is @apple's worst product. Worse than the #Newton or the hockey puck mouse. It's utterly painful to use.,negative,apple
126128599030956032,"De√°r iCloud I HATE U , AND I HOPE YOU DIE , YOU ARE THE WORST FUCKING INVENTION IN THE WORLD , FUCK YOUUUUUUUUUUUU #iCloud @apple @stevejobs",negative,apple
126127465155403777,i update to ios 5 and lose everything on my phone and it wont let me sign into my itunes account... thanks @Apple,negative,apple
126118222746497025,Issues with updating iTunes on my windows pc - they really are not compatible.... Sent more time talking to @Apple care than using it!!,negative,apple
126106964420857857,@apple u guys are gay,negative,apple
126099775417364480,"Restored my iPhone. STILL NO TEXTS. DEAR @APPLE Y NO LOVE, Y RESTRICTIONS ON MY SMS?  Y NO TEXTS.... #iOS5 #iOS5atemydingo",negative,apple
126096173198082048,none of my apps work after the new ios from @apple. what do i do?!?,negative,apple
126094194312876032,"Seemingly endless loop of calls to @apple, @ups, @verizonwireless to investigate my missing #iphone4s. #crankywithnophone",negative,apple
126089287660863488,@Wisconsin_Mommy @apple that's terrible!  I hope you get an apology!,negative,apple
126088404084588546,@zombiebomber have been on the phone with @verizonwireless and @apple pretty much ever since then. Really annoyed.,negative,apple
126085893353250816,"@chascouponmom @apple I get they are busy w/ the new phone, but I just wanted to buy a stylus. they made me wait forever outside & never",negative,apple
126084068298334208,"@apple @iphone Please deliver my daughter's i4s, she is driving me nuts #iphone",negative,apple
126079672386723840,"Hey @apple, the SMS full message is complete shit. Yes, I'm annoyed.",negative,apple
126075115686465536,Have never had such poor customer service at @Apple before! What happened? (@ Apple Store w/ 2 others) http://t.co/GKlXMUi6,negative,apple
126073520504569858,"@Apple your service experience is really fucking slipping (except for cute, eyelash batting girlies). (@ Apple Store) http://t.co/dOHDEnMg",negative,apple
126068917012668416,What was @apple thinking making #Siri totally dependent on a network connection? Siri + @ATT = utter frustration.,negative,apple
126063215842037760,Wow the Genius Bar Reservation Line @Apple is ridic right now - ___- I am not amused. #ugh,negative,apple
126054048972537856,"Where is my iPhone!?!?!?!
@apple",negative,apple
126053722966069248,@apple battery life suck on iOS 5,negative,apple
126050114518261760,An apple update has seemed to render my work machine incapable of opening HDV video. Thanks @Apple. Zero useful productivity today.,negative,apple
126044756320075776,@apple I committed to your cloud storage iDisk and now it's raining :-( so soon no more iDisk.  Any plans for a new service for storage?,negative,apple
126044425964109824,"Hey @apple why can't I share a reminder list from my iPhone?
Also why can't I login to the iCloud webpage to modify sharing from my phone?",negative,apple
126037831301869568,Apparently fuzzball crashes on #iOS5. Congratulations @apple on another incompatible upgrade,negative,apple
126034507475337216,Can someone plz explain to me whhyy @apple is only distributing 2-3 phones per day to the sprint stores. I'm really ... http://t.co/uf9taK8f,negative,apple
126031969166434304,"GAH. @apple iOS 5 opens text messages painfully slow, on top of 3 restore attempts 2 succeed. Early adopterness gets better of me.",negative,apple
126030936084189184,Dear @apple: Why did all my PDFs and ePub files disappear from ibooks in my iPhone post ios5 upgrade? This hurts. #3GS #needsomethingtoread,negative,apple
126029733325582336,‚Äú@CBM: Lies @apple. the battery on this new iPhone4S is definitely not any better.‚Äù &lt;&lt; check Settings: 8 times more App usage in iOS 5,negative,apple
126021108641181696,As a huge podcast fan - I really feel like @Apple dropped the ball on this one. http://t.co/wvzPrbCI via @Carrypad,negative,apple
126018120983904256,I don't really like Siri's voice. Perhaps @apple can get Star Wars voices just like @garmin http://t.co/pSUJg9pN,negative,apple
126016585348558848,"‚Äú@carlton858: I really hate dealing with the brain dead people at the @apple store. For such good products, customer service sucks.‚Äù in NZ?",negative,apple
126014999444467712,"I really hate dealing with the brain dead people at the @apple store. For such good products, customer service sucks.",negative,apple
126012822936231936,Anyone else seeing missing signal bars on their #iPhone 3GS with an upgrade to #iOS5? cc/ @applecanada @apple @forstall,negative,apple
126008913400303616,RT @CBM: Lies @apple. the battery on this new iPhone4S is definitely not any better.,negative,apple
126006966312108032,"Updating to IOS5 with my regular iphone4 just made it slower and messed up.. @apple give me a free 4S and we can call it even, thanks",negative,apple
126006116168642560,"@apple If you want to know what customers think dont send updates with the ""noreply"" return address. Who invented that anyway. #useless",negative,apple
126003967552524288,"Every time I try the voice control on my iPod Touch to send an iMessage, it starts playing ""Who Knew"" by Pink.  Still not Flawless @Apple",negative,apple
126001775626031105,should be studying/ doing work but no I'm hold with @apple HURRY THE FUCK UP! #nopatience,negative,apple
126001635162992640,Ok Hindi keyboard in #iOS5 is something to cheer about.  But @apple  what about  support for 20+ missing Indian languages!? #FAIL,negative,apple
125999655011098624,"RT @ScottDugas: Warning: if iphone apps spontaneously loose data, it might not be the app's fault - http://t.co/1SEsvWwm #ios5downgrade  ...",negative,apple
125996379913986048,@betweensundays Ah! Yeah...should be an option...hopefully @apple figures that out. Thx,negative,apple
125995264325599233,"""Waiting for items to copy"" in Itunes after everything DID copy goes on, and on, and on.  Come on @Apple, what the hell?",negative,apple
125994965183635456,@Apple unhappy again with service/product quality. Won't buy @Apple again.,negative,apple
125994596336533504,Lies @apple. the battery on this new iPhone4S is definitely not any better.,negative,apple
125989051101741056,"‚Äú@philipgrey: dear @apple, why you gotta go change the way &lt;input type=""number""&gt; is handled out of the blue?‚Äù",negative,apple
125987979784224770,"Been on hold with @apple customer service for 25 minutes. Wow, lt's like they're #timewarnercable.",negative,apple
125980659415138304,"@Apple you're killing me. Excited about iOS5 no longer- tragic battery drain, genius bar wants to replace the battery. Really?",negative,apple
125978454146551808,1st impressions  of #iOS5- Disappointed w upgrade restore. Lot of apps & folders missing @apple do  how much time went in2 orging it? #fail,negative,apple
125976113657823232,@PrJusto Don't question the @Apple they will remember your dissent!,negative,apple
125974886006005760,"@apple: Multiple times siri is ""having trouble connecting to the network.""  Siri needs servers (and some exercise!)",negative,apple
125974351035117568,RT @JimMcNiel: if @apple does not resolve the #Siri network issues they will need to rename a great product to Sorri - Who else is havin ...,negative,apple
125973390283653120,"dear @apple, why you gotta go change the way &lt;input type=""number""&gt; is handled out of the blue?",negative,apple
125969932285513728,Ugh. WTF is up with all the bottlenecks @paypal @apple?,negative,apple
125966385259098112,+1  RT @Doug_Newton: @apple PLEASE FIX #Siri!!!! She can't connect to your network!!!!!!!,negative,apple
125965988146585601,@apple PLEASE FIX #Siri!!!! She can't connect to your network!!!!!!!,negative,apple
125965853769478144,if @apple does not resolve the #Siri network issues they will need to rename a great product to Sorri - Who else is having issues?,negative,apple
125964314220830722,any chance @apple will release good headphones that dont blast music outside the ears? #iphone #ipod its quite obnoxious,negative,apple
125963262733991936,"@Apple - #Siri is not working due to ""network problem""? Seriously? Can you fix this? #iPhone4s #Fail",negative,apple
125961793926475776,"@electricsoup It has to connect to @Apple to process commands, which it is failing to do right now",negative,apple
125960026891362304,"See @Apple, that what's happen when you release iPhone 4S with same crappy design as the old phone!",negative,apple
125958961269702656,This. RT @bonkoif Looks like @Apple did not appropriately project the resources needed for Siri. Not very reliable,negative,apple
125958368773943296,Looks like @Apple did not appropriately project the resources needed for Siri. Not very reliable,negative,apple
125956505768960000,"Spoke to an @Apple rep on phone & could hear her tv blaring in the bg.  She said, ""I can't actually help u, just direct u back to the web""",negative,apple
125956403574747137,What's wrong with Siri today @apple,negative,apple
125956319344721920,@Apple Siri is down!,negative,apple
125954651152592896,I'm suspecting @Apple timed the health-decline of my iPhone 4 perfectly with the iPhone 4s release... My battery is seriously ailing.,negative,apple
125950557310562305,"Ok this @Apple software update for the #iphone is taking waaaaay too long!
#annoyed",negative,apple
125945821240885248,@Apple would do better to inform customers properly about migrating to #iCloud - many complaints lead to #image damage http://t.co/QL7zmPpO,negative,apple
125937228328341504,"@jane73 @Gazmaz hopefully it's a small bug @Apple must be fixing it. RIGHT  APPLE }:0( 
#itjustworks",negative,apple
125930406125117440,"@samsung, @apple, you do realise you're just really pissing off the customer base AS WELL AS looking petty.",negative,apple
125929899071516676,@Apple - why do I have to have apps I am updating in their original 'folder' location? That was painful.,negative,apple
125929395264299009,@apple domain fail. Open 2 hrs late for walk in ppl. Store was empty and i only need a skin 4 my screen. You represent customer service FAIL,negative,apple
125920912171216896,@BrianMincey @apple the chipsets tear through battery life. Coworker has a htc thunderbolt that he gets about 3 hours of life.,negative,apple
125863232249405440,Is it me or does my #iPhone run slower since the #iOS 5 update? @apple @Verizon,negative,apple
125846659182764032,Just searching with my voice on my 2 year old nexus one @apple.,negative,apple
125845538926112768,"@apple, your update server has been timing out for a week. i had to force a restore w/the new #iOS5 software. lost all my stuff. thanks!",negative,apple
125824148579692544,I am very upset about and inconvenienced by this iphone update failed backup. @iphone @apple,negative,apple
125822115155947520,but seriously @apple finance me a damn phone you greedy bastards! OR Santa...get your jolly ass in gear and get us a 4S - white plz,negative,apple
125819194049699840,My schedule is 2 busy 2 spend UNquality time with @ATT @Apple 2 recover Iphone again-The mo' mobile I get the mo' immobile I is. Sync Not!,negative,apple
125815370513793024,"Pondering the iOS update... From the sounds of @MikeFerri's difficulties, I may just hold off :/ @Apple, FIX IT!",negative,apple
125807830363156480,@twalve @apple you know the issues they have with DST and alarms :p,negative,apple
125806568389361664,Why book @Apple Genius Bar if after 2.5 hours you still can't be served. Disappointing Apple Store Sydney. #thanksfornothing,negative,apple
125806240138928128,Apparently @Apple genius training doesn't extend to clocks & service. They're half an hour late for my appointment and couldn't let me know?,negative,apple
125731810733867011,Wow. iCloud's mail is down. 1st the iOS 5 upgrade issues and now this. I really hope this isn't @apple without Steve Jobs.,negative,apple
125729727653756928,@apple  why don't you guys test your upgrades before you put them out. 15 1/2 hrs u guys wasted of my time yesterday. Thanks.,negative,apple
125722107710672896,what is going on with all my @Apple products?! First my #iPad freezes (still is frozen) and then my #iPhone won't turn on!!! #techieTroubles,negative,apple
125717447276904448,"#iPad in perpetual restore loop after trying to upgrade to #iOS5 :(
@apple sux without steve",negative,apple
125717161531551744,2nd @apple genius apptment running late 2nd day in row for 2nd dodgy iPod . You make mega $$$ hire some staff.,negative,apple
125713100782575616,It took @apple about 7 years just to figure out how to properly syncronize an iPhone.  WOW!  #ios5,negative,apple
125712104253702146,@apple So I went to the 5th Ave store and was told I could wait about 4 hours to get a 4S. Needless to say I'm back at the hotel relaxing.,negative,apple
125710089716899840,Terrible customer service at Los Gatos @Apple! Why do I have to pay $199 for a bad home button on my iPhone?!?,negative,apple
125708348237680640,@Apple thank you for sucking so much. I cannot believe you would sell something online that isn't made,negative,apple
125691072398639104,"@Apple, #iOS5 on iPhone2 causes Camera apperature dilation problems & freeze.",negative,apple
125689691927351296,"@Apple, #iOS5 #geolocation Suburbs with 2 words drops Map Pins in other States! Please fix.",negative,apple
125681375058735104,"Sorry @apple, but #iMessage will never be what #BBM is. Disappointed.",negative,apple
125665094561574913,"@semilshah yeah except that when you ask for a receipt, it takes them 30 minutes to figure out where it printed out. Fix that, @Apple!",negative,apple
125663477573500930,Bummer!  My @Yahoo! iPad fantasy football app keeps crashing; not sure if it's the app or the new @apple iOS 5. Only two apps running.,negative,apple
125661140939321344,@Apple can suck my dick gotta restore my ipad #annoyed,negative,apple
125657359841361920,"@nansen Man, that sux! @apple io5 upgrade a total #fail for you!",negative,apple
125656559190683651,"Dear @Apple Contacts, you are terrible. I just cleaned duplicates for 3 hours and they magically reappeared. Fix it.",negative,apple
125651769261965312,Pissed with whoever designs keyboards with @apple for not having a home and end key.  working on the CLI i use those keys often,negative,apple
125649285667749889,@NoVaTyler @apple Most of mine are gone too! Not recovered after I saved them b4 I upgraded my iPhone! Soooo pissed!,negative,apple
125643054190305280,Siri is having a hard time remembering who my sister is. contact card needs space for family info. #iPhone4S @apple,negative,apple
125642742977138689,"#ios5 getting sloppy @apple. U need to check your QA team. Too many issues with apps, data and syncing",negative,apple
125641051531784192,RT @nansen: so this SMS full message is known @apple issue with new iOS5 update. trying restore. When all else #fail - restore.,negative,apple
125633065878958080,not happy with @apple right now. the upgrade to my itouch4 took out my itouch and laptop. #help,negative,apple
125626166492147713,@twitter can you look at problem on iPad where it won't open @ messages. It just crashes the app. You too @apple maybe your fault.,negative,apple
125621144148639744,@apple What's the point of iCloud wireless updates when ios5 now forces me to use the computer to charge my ipod touch now? #worstupdateever,negative,apple
125607492356018176,"@robert_terpstra no worries bud, ps: they're saying that the 4s is having a lot of network issues right now. (I'm @apple for mac problems)",negative,apple
125603435440644098,"I hate you @apple for not sending Toledo,oh @bestbuy any @iPhone for @verizon even after I pre ordered!!!",negative,apple
125599423131697154,Why is the new @apple iPhone OS duplicating all my iCal events? There's 2 of everything. How do I fix it? (tried turning iCloud off),negative,apple
125598450090917888,"Dear @Apple, how convenient/handy/thoughtful/smart that after iPhone #ios5 update you're apps won't work anymore! (none!!!) :( #gr%\mbl^.%)",negative,apple
125588202286366721,Hey @Apple...I know Steve Jobs died & all but my Twitter for iPad app keeps crashing...Fix it...NOW..please..lol -F.Light,negative,apple
125586348064247808,@apple not happy with Apple today. I did the suggested software update and now nothing works!!!,negative,apple
125583385895768064,Smashed yet another #iPhone screen. When are @apple gonna make the phone more durable!!! Tired of fixing it myself!!!,negative,apple
125556679571025920,I sure as hell better be able to restore my calendar events. Terrible bug apple! @apple #icloud #anothericloudfail,negative,apple
125544764203466752,I really hate that @apple won't let you hide the Newsstand app or move it into a folder. It serves no purpose for me.,negative,apple
125533730222784512,Life was much easier when @apple and @BlackBerry were just fruits!,negative,apple
125521682894041088,@apple No location reminders on ipad2! That was the point of updating to iOS 5,negative,apple
125510333078048768,"Comparing @Office #live with @google #apps and @apple #iCloud , I do not see #iCloud leading the crowd. Do you agree ?",negative,apple
125476730067615744,"RT @MikeFerri: If @apple doesn't fix iOS5 this week, I'm buying a droid #emptythreats",negative,apple
125471372485992448,"If @apple doesn't fix iOS5 this week, I'm buying a droid #emptythreats",negative,apple
125464229577891840,@apple pls launch #Siri on iphone4 .. Disappointed after spending hours for upgrading to iOS5..,negative,apple
125442137302110208,"This is the first time I've been unhappy with any @apple product... Disappointed, and the Internet seems as confused as I am right now.",negative,apple
125441478951575552,"After a week or so with @Apple's #iOS5 I'm considering going back to #jailbroken 4.2 - same features as 5, plus more. Not as stable, though.",negative,apple
125408962215555072,Had issues with #Siri reaching network today. Too many uses or my signal? @apple,negative,apple
125408737296003072,The new iOS5 completely failed at upgrading the phone. Now I'm stuck in this restore loop. Thanks @apple for wasting my day. Can i undo?,negative,apple
125408701166256128,Is it me or does #iPhone4s run a little warm sometimes? @apple,negative,apple
125407447383937025,"@apple WTF why can we not add the newsstand to a folder?! We are already in your walled garden, so please don't remind us of it.",negative,apple
125406743923671040,@apple just now seeing none of my Microsoft Office programs work anymore after Lion upgrade. Why??,negative,apple
125405260650000384,"Dear @Apple, I don't want the newsstand icon on my screen. #notcool",negative,apple
125405005493706752,@Blackberry does take better quality photos than @Apple iPhone though. I give them that! #photograhersEye,negative,apple
125404317669785600,Ok @iTunesMusic idk wth is up but after syncing my phone my album art is out of order! WTF @Apple!,negative,apple
125399780527570944,@apple I'm still waiting for you to deliver my phone to @sprint,negative,apple
125394663573172224,"Asked #Siri ""Where's Baby Lisa?"" and was told ""sorry, I'm having trouble connecting to the network right now."" @apple server fail. #ios5",negative,apple
125371779039502336,Only thing #iOS.5 has done is deleted my tiger woods game and made impossible to retrieve. Thanks @Apple!,negative,apple
125365852487942145,"yo, @apple, this update is a disaster",negative,apple
125365814579826688,"Dear @Apple,Congratulations, I am suing my insurance company and you just managed to make it to the top of my shit list. #Ineedthosepictures",negative,apple
125365581170999296,Dear @Apple: You must let me turn off iCloud to save bandwidth and NOT delete EVERY document on my iPad. That's BULLSHIT!,negative,apple
125355869859876864,"RT @JoelBurns: Dear @Apple, it's me again. Thank for beautiful new iOS features. But I miss some of the old ones. Lk making calls & texts
&gt;(",negative,apple
125341902739484672,"RT @leiboaz: Wow, worst @apple customer service experience ever. Arrogant and inept. Bad combo, Biltmore Apple store.",negative,apple
125341804857008128,"Wow, worst @apple customer service experience ever. Arrogant and inept. Bad combo, Biltmore Apple store.",negative,apple
125338210158125056,"Hey guys at @Apple, WTF is happening to #iPhone4, with #iOS5 suddenly fade to black and begin to vibrate continuously, I had to reboot it",negative,apple
125336335656558592,@hbogo @apple - why don't you play nice and let me use HDMI from iPad?  Pretty lame.,negative,apple
125334948017213441,"Warning: if iphone apps spontaneously loose data, it might not be the app's fault - http://t.co/1SEsvWwm #ios5downgrade @apple @marcoarment",negative,apple
125333948556521472,"‚Ä¶and only the first 23 images in my Photo Roll made it over? Seriously, @apple, how did you fuck this up so much?",negative,apple
125330038248849408,@apple why does #iPhone4 plus #iOS5 equal half the battery life?,negative,apple
125327896066785280,Now @apple won't let me use credit on @iTunes unless I have a credit card. Should have told me when I redeemed the cards. Sound fair to you?,negative,apple
125313086465904641,"@amandbrar @apple Siri has worked for me less than 10% of the time. If service doesn't improve by Monday, I'm returning my iPhone 4S.",negative,apple
125311989751877632,"@azrael: RT @DavideGori: And again #MobileMe is down. Issues when syncing, accessing mail... is this a good premise for #iCloud? @Apple, ...",negative,apple
125309975881977857,need @apple help!! installing new ios on #iphone4 and am stuck on the Find My iPhone screen :( i keep clicking next but it doesn't work,negative,apple
125309448108519424,"Bummer that @Apple #iCloud syncs on Windows only w/ Outlook (not Thunderbird) & IE (not Firefox, Chrome). #sadmac",negative,apple
125307394640199680,"Disappointing visual merchandising, @apple. Simple, but lacks elegance. And sequence doesn't even tell us about #Siri. http://t.co/XV2q3gfi",negative,apple
125305396842856448,has been on terminal hold with @apple support!  She must not be the only person having trouble with the new iphone and synching!,negative,apple
125303217214062592,@apple thanks apple for ios 5 and losing all my contacts!,negative,apple
125302079752384512,@apple give me my apps back!!!,negative,apple
125301393560047616,"RT @tomcolontonio: Didn't it occur to @apple #apple that ppl share iTunes accounts amongst family's ?????
Wtf!!!!",negative,apple
125301265700892672,@tomcolontonio @apple #EPICFAIL,negative,apple
125277260872822786,90 minutes after being at 100% my iPhone 4 (post #ios5 upgrade) has lost 40% of its charge and the @apple store folks are out of ideas.,negative,apple
125276004817190914,"So ""cutting the cord"" makes podcasts even harder to manage?!? No subscriptions! WTH, @Apple? http://t.co/LD2i871x #iOS5 (via @carrypad)",negative,apple
125269239207706624,In less than an hour my post- #iOS5 iPhone has gone from 100% to 73% battery charge and the @apple store folks have no solution for me :(,negative,apple
125269161327865856,Well @apple seems 2b screwing #iphone 4s resellars. They still dont have 4s. Yet were promised. Similar 2 Ma Bell's monopolistic prctices?,negative,apple
125267178336419840,"Also @EricGreenspan, don't forget @Apple stop closing the app store after each bloody purchase...",negative,apple
125265721281351680,@apple cu,negative,apple
125261285083447296,*sigh* @apple store seems stumped what to do about my catastrophically bad battery life after upgrading to #ios5,negative,apple
125245780192792576,"@apple, #siri can't connect to the network -- it's LESS useful that VoiceControl now... :(",negative,apple
125245104859529216,@apple took my Siri and made it exclusive to iPhone 4S  #SoRude,negative,apple
125236708403970048,total time on the phone with @apple: 1 hour 27 minutes. let's see how this goes.,negative,apple
125236166151774208,"Waited in line for nothing, fucking genius @Apple called an app for ""John"" not ""jean"" stop fucking up my name im not a French boy. #PCam ...",negative,apple
125230743990444032,It's been 24hrs since I reported @ups theft of my iPhone and @apple has done nothing. No return call as promised. Nothing.,negative,apple
125230107580317696,"This does not bode well. After charging all night, my @Apple iPhone 4S has 25% battery after only 3hr off charger with no calls & light use",negative,apple
125227837438435328,Houston we have a problem!! My iPad has been restoring for 12+ hours after installing @apple IOS5. This can't be right....,negative,apple
125224588253741056,#Siri went down for a little while last night. Come on @apple! Get your shit together on this launch!,negative,apple
125204228967903232,Installed io5 - fine on ipad but wiped wife's iPhone and restore from backup failed! #Bigtrouble #help @apple,negative,apple
125129328446017536,DAMN YOU !!! @apple,negative,apple
126417484017451009,@Late_Show I would have watched but the folks at @apple have a jihad against adobe flash. Plse consider a YouTube link in future on UR site,neutral,apple
126415618625912832,"Hey @apple, androids releasing brand new state of the art phones, whens your new phone come out? What's that? (cont) http://t.co/2sko9l3d",neutral,apple
126414657836687362,".@Apple has a record quarter and because a bunch of professional guessers (aka analysts) wanted more, its a disappointment #wtf",neutral,apple
126409984836763648,"Interesting read on war b/w @Apple & @Samsung- http://t.co/Vt9d24Yi -using latter, agree lack of innovation, but better specs at same price!",neutral,apple
126407959495442432,RT @adamnash: The takeaway from the @Apple earnings call?  Even Apple needs a new iPhone release every 12 months to stay competitive. cc ...,neutral,apple
126407672521162753,The takeaway from the @Apple earnings call?  Even Apple needs a new iPhone release every 12 months to stay competitive. cc: @hblodget,neutral,apple
126407511531192320,Today's headline: @apple reports lower 4Q earnings. Headline in 3 months: @Apple reports record Q1 earnings.,neutral,apple
126405911697817600,"Win an @Apple iPod Touch from @Mommy_gaga, get the @Pampers Hello World Baby Memories App! http://t.co/XVcch6Os #PampersHelloApps""",neutral,apple
126403530838913024,Is it JUST a coincidence that @Apple named their virtual assistant after Tom and Katie's robot daughter?,neutral,apple
126401882766839811,Good or Bad results for @Apple ? Depends on who you ask apparently http://t.co/yDH8ffxE,neutral,apple
126400491067416576,Interesting times when increasing your revenue from $20B to $28B in a recession is considered a disappointment. @apple,neutral,apple
126389413054910464,RT @CRMStrategies: Great Tech War of 2012 http://t.co/64jGRoBp @FastCompany profiles @Amazon @Apple @Google @Facebook on @CNBC /ht @phil ...,neutral,apple
126387460463788032,@apple gonna see if anyone stayed logged into their fb or twitter #TroubleMaker,neutral,apple
126383125059211265,"Hey @Apple, pretty much all your products are amazing. You blow minds every time you launch a new gizmo. That said, your hold music is crap.",neutral,apple
126382776072146944,Amazing story of @dropbox and @apple http://t.co/r4oDCwvY,neutral,apple
126381578975842304,Great Tech War of 2012 http://t.co/64jGRoBp @FastCompany profiles @Amazon @Apple @Google @Facebook on @CNBC /ht @philsimon,neutral,apple
126380323733909504,@Jake_Gyllenhaal So you've made up with @Apple?,neutral,apple
126377120023842816,"@Apple to shut stores!!! C'mon, Only Wednesday for @SteveJobs memorial.",neutral,apple
126375024595705856,@Motorola is the Best Android-powered company that is going against @Apple.,neutral,apple
126368680459251712,Apple Users Get The official Kalifornia Cavi App on your Apple Device now on  - powered by @Apple - Download it free http://t.co/HlGnvlRw,neutral,apple
126368285259350017,The official Kalifornia Cavi Mobil App is now available on the app store - powered by @Apple - Download it free http://t.co/HlGnvlRw,neutral,apple
126368127524159488,"#Win an @Apple iPod Touch from @Mommy_gaga, get the @Pampers Hello World Baby Memories App! http://t.co/I6woujUh #PampersHelloApps",neutral,apple
126364189097865216,@Apple #RIPSteve RT @davepeck: Steve Jobs and the Seven Rules of Success http://t.co/4nLRLdWy,neutral,apple
126360821419884544,"Stay young, stay foolish. But take ownership when u f*ck up, don't complain, and never give up. #resilience @apple",neutral,apple
126360182308618240,"Dear @motorola, I smell a lawsuit coming your way. cc: @apple #motoactv",neutral,apple
126358012343492608,RT @hofmania: I just paid someone to wait in line at the @apple store this morning for me on @zaarly #putapriceonconvenience #iphone htt ...,neutral,apple
126353359962775552,@apple Why don't you have a wireless remote for Keynote presentations w a MacBook Air?  Nobody wants to see the pith man navigate w a iPhone,neutral,apple
126348857071239168,"#Win an @Apple iPod Touch from @Mommy_gaga, get the @Pampers Hello World Baby Memories App! http://t.co/YUydxo1t #PampersHelloApps",neutral,apple
126347890196103168,"dear @apple please invent ""FaceTime Voicemails."" sincerely, haendel balzora jr. #apple",neutral,apple
126346633721032705,"RT @jesperordrup: Hi @apple. Household has 4 iphones, 2 ipads, 2 minis, 2 apple tv, AirPorts, Timecapsule +. Whats a usable iPhoto shari ...",neutral,apple
126346584068861952,Couldnt help it & explored the #iphone4s @apple store & talked to #Siri... Should've tried to speak to her in French?! #nexttime,neutral,apple
126336867477094400,@ATTCustomerCare @att @apple I already have an iPhone 4 with an ATT contract. Can I buy a factory UNLOCKED iPhone 4S with my contract?,neutral,apple
126336687382081536,RT @HowardMortman: .RT @edatpost: .@Apple fan Eric Holder spotted at the Genius Store http://t.co/7vZSIXpy,neutral,apple
126331354718801921,"Hi @apple. Household has 4 iphones, 2 ipads, 2 minis, 2 apple tv, AirPorts, Timecapsule +. Whats a usable iPhoto sharing setup? /cc @maddox",neutral,apple
126330974270271488,RT @edatpost: Bah! Genius BAR // RT @edatpost: .@Apple fan Eric Holder spotted at the Genius Store http://t.co/FTLttLPn,neutral,apple
126330155441467392,#motoactiv? Methinks @apple and maybe @Nike are already prepping lawsuits,neutral,apple
126329109759524865,Check this video out -- moe. plays Live on iPads. Video dedicated in memory of #SteveJobs http://t.co/XSiyDnqu @ipad @mac @apple #brilliant,neutral,apple
126328424624160768,Bah! Genius BAR // RT @edatpost: .@Apple fan Eric Holder spotted at the Genius Store http://t.co/FTLttLPn,neutral,apple
126326886354784256,Evolution of @Apple Ads 1975-2002: http://t.co/QTOqOZ42 @thesavoia #stevejobs #tech #art,neutral,apple
126325069281624064,@apple #siri http://t.co/k7b686hX,neutral,apple
126324621279641601,.RT @edatpost: .@Apple fan Eric Holder spotted at the Genius Store http://t.co/LCTPxHF5,neutral,apple
126324256236765185,RT @edatpost: .@Apple fan Eric Holder spotted at the Genius Store http://t.co/FTLttLPn,neutral,apple
126323574989520896,RT @edatpost: .@Apple fan Eric Holder spotted at the Genius Store http://t.co/OshPyV2G,neutral,apple
126323533696614402,.@Apple fan Eric Holder spotted at the Genius Store http://t.co/FTLttLPn,neutral,apple
126321197062426624,RT @DailyDealChat: @bidmyway I like your app for the @apple iPhone very simple and easy to use!,neutral,apple
126320247379730432,@bidmyway I like your app for the @apple iPhone very simple and easy to use!,neutral,apple
126320076063379456,"Thanks, @Apple. Now even more people on the bus are talking to inanimate objects. Harder than ever to tell who's crazy and who's hip.",neutral,apple
126318553031917569,Noticed how @apple has added the like & tweet icons on their page? http://t.co/PZoNZeC8 #like #facebook #tweet,neutral,apple
126316594971422720,@rtimbuc thx for publicly coming out out of the @Apple closet ... :),neutral,apple
126316179429134336,"Win an @Apple iPod Touch from @Mommy_gaga, get the @Pampers Hello World Baby Memories App! http://t.co/2XJZaLCs #PampersHelloApps",neutral,apple
126315088641658881,@RIM to release new generation of phones in the new year to contend with @Apple... Hmmm.,neutral,apple
126311681126187008,RT @TimjwDowning: #iOS 5  is a great system but it's taken all day to download @apple,neutral,apple
126311223343058946,Using @Apple's mobile @AirPort Utility http://t.co/TiDpaHYC,neutral,apple
126309939961536513,@Dropbox balked at acquisition by @Apple. My apps thank them. :)  http://t.co/VsYPl9Xu,neutral,apple
126308556294205441,"These cos are worth billions: @Apple, @Facebook @Google & @Amazon and they are battling for consumers  http://t.co/4WxPCH9h via @fastcompany",neutral,apple
126302918797312000,"Just when #TomCruise thought he had a unique name for his daughter, @Apple pulls the rug out from under him with the new #Siri App.",neutral,apple
126302719882444801,I wonder If the person who has @apple is holding out for apple to buy it from them,neutral,apple
126301989486342145,iOS 5 for iPhone and iPad is Here: Apple's Best Release Yet?  http://t.co/iLYGZ5Ox #ios5 #ios @apple #ipad #tablet,neutral,apple
126301301511426049,"The 'Great Tech War': @Apple, @Facebook, @Google, @Amazon battle for the future http://t.co/sVu8cG1M via @fastcompany",neutral,apple
126300596633481216,"@BeeeThree I am aye, I wasn't @apple",neutral,apple
126300304600866816,"How the community saw #SteveJobs - 12 Most #Community ""iCelebrates"" Steve Jobs - http://t.co/jJRwIvmc @Apple",neutral,apple
126294550535872512,RT @aplusk: Sending love & light to everyone @Apple & the entire Jobs family.Today we lost a Giant who will be missed even by those who  ...,neutral,apple
126293879166205952,"Attending #mobilemem , listening to James Kelley from @apple .",neutral,apple
126292279009882113,Tell how Steve Jobs & @Apple changed your life and $5 will be donated to Pancreatic #Cancer Research! @PanCAN @Pan_Act http://t.co/BWzganje,neutral,apple
126292109727768576,"yeah, @apple is updated!! planking photos, #lmaoo http://t.co/IusXJJDq",neutral,apple
126291860305100801,picking up my #iPhone4S in two hours @Apple!,neutral,apple
126290154737504256,@DickCostolo says daily #twitter signups have TRIPLED since the new @apple #iphone4S came out,neutral,apple
126289716097196032,"yes, i am live tweeting my @apple tech support call. Isn't this fun?",neutral,apple
126283761754185728,"@azee1v1 @apple @umber Better file info/easier to get to, duplication of files when importing. Categorizing files.",neutral,apple
126283441657495552,@AsimRang @apple @umber well so far ive seen it for apps,neutral,apple
126283440457912320,"Hello again, iPhone 4!!! Thank you, @apple! Although this should have never broken in the first place! #tsk",neutral,apple
126283024278110208,@AsimRang @apple @umber when you upgrade to ios5 there is a section in app store which lets you download anything you have purchased before,neutral,apple
126281432644595713,"@Apple, @Facebook, @Google and @Amazon battle in...The Great Tech War of 2012 http://t.co/uL9zZKv8 by @fmanjoo",neutral,apple
126280507729260544,"@AsimRang @apple @umber the podcasts feature works just fine, music purchasing is straight forward, what else do you want?",neutral,apple
126279672433614848,‚Äú@NoVaTyler: @Foreverfit4u amazing how quickly apple went down the poop tube‚Äù It couldn't have 2do w/operator error! #sarcasm Still ‚ù§ @apple,neutral,apple
126272713332506624,@KaeKaed @Apple Here is an easy way to put Newsstand in a folder http://t.co/yVXmWIbI,neutral,apple
126267746739699713,"#Win an @Apple iPod Touch from @Mommy_gaga, get the @Pampers Hello World Baby Memories App! http://t.co/AAP7StHt #PampersHelloApps",neutral,apple
126257394622808064,"Been MIA from Twitter.. But now Tweeting from my new @apple iPhone! :) #finallycool #notreally well, It IS ..I'm not :) #stilllearning",neutral,apple
126232037492404224,"@Mommy_gaga, #Win an @Apple iPod Touch @Mommy_gaga, get the @Pampers Hello World Baby Memories App! http://t.co/qEATNMpI #PampersHelloApps",neutral,apple
126218596786511873,I wonder if @Apple OSX will get built-in @Twitter @support like iOS5. That would be very helpful at the moment.,neutral,apple
126213965817708544,@Apple Stores to close for one hour on October 19 to watch #SteveJobs #memorial http://t.co/fbjqb5RA via @9to5mac #tech #porchista,neutral,apple
126211975595311104,iPhone 4S vs Canon 5D MKII. @apple @canon @iphone http://t.co/PvKqad33,neutral,apple
126209902241787904,@Samsung wants to ban @Apple iPhone 4S in Japan and Australia. http://t.co/hWA4tWIc #smartphonewar,neutral,apple
126205800359280640,Siri says some weird things | This is my next... http://t.co/H8n7caSg via @verge @hasanga @mohoisham @apple #Siri #LMFAO,neutral,apple
126201991125929984,@apple karaoke ceel w/ @nandamaulida @putriasmara @galuhoktriana @milatus :p,neutral,apple
126186795808456704,I have 4 @Apple products...,neutral,apple
126177221571395584,"Stay hungry, stay foolish. Steve Jobs, founder @Apple #WinningWithEL",neutral,apple
126171911523794944,RT @thejjmg: My friend @bm88 found this article on the #ios5 battery drain problem http://t.co/Iqa0ipVt @Apple ah mines being sinking...,neutral,apple
126165547154018304,iSteps @apple store bologna http://t.co/WjjBq7Ae,neutral,apple
126163403063570432,"How I manage my businesses/life: @pivotaltracker, @37signals, @twitter, @googleapps, @apple, @dropbox, @wordpress, @dreamhost THX",neutral,apple
126149567036137473,Just realized Apple doesn't even have @Apple on lock. This dude R.J. Pittman waiting for thee fattest check.,neutral,apple
126148184358653954,"Hey @Apple, could you hook the voice memos app on the iPhone up with fine scrubbing? Journalists need love too.",neutral,apple
126146495396319232,Dear @Apple‚Ä¶ If I make love to iCloud will ALL THE THINGS have my babies?,neutral,apple
126141631291326464,POLL: http://t.co/GcrpUKwF Q:R U pissed @Apple banned this video? #Apple #iPhone4S #Siri #F8ball,neutral,apple
126141628372090880,POLL: http://t.co/9q2Er1w9 Q:R U pissed @Apple banned this video? #Apple #iPhone4S #Siri #F8ball,neutral,apple
126141580682854400,More Twitter buzz for Apple Store: http://t.co/hLybd7uc - RT @ji_lee started out as a trip to the @apple store. turned into a spontaneou...,neutral,apple
126141157146238976,My friend @bm88 found this article on the #ios5 battery drain problem http://t.co/zMX85Fkd @apple,neutral,apple
126134865887363072,"""#Win an @Apple iPod Touch from @Mommy_gaga, get the @Pampers Hello World Baby Memories App! http://t.co/r0WYm1jX #PampersHelloApps""",neutral,apple
126130171404230656,"Dear @apple, why did my #Apple ID change to my colleagues&#39; when I charged on her Mac? Now can&#39;t download or update apps. #iPhone",neutral,apple
126125830094061568,"You know you've gone @Apple overboard when you misread a @Yelp review as ""iPad Thai."" #fb",neutral,apple
126122372775415808,started out as a trip to the @apple store. turned into a spontaneous fun evening w @MolleyMoody. we danced while trying on outfits. #girls,neutral,apple
126118389591711744,"RememberiN wen @apple and @blackberry were just fruit
#nostalgia",neutral,apple
126110863550717952,The new @apple #find my friends app is great.... except the part where you have to log in everytime. Get back to me when this is changed...,neutral,apple
126110770864979968,One thing I want from #ios is searching in the add bar similar to what Firefox or droid phones do. But thnx for a talking Google @apple ...,neutral,apple
126110374549405696,"Gee, I can't imagine that the maps app graphic from this Samsung website will help their court cases vs. @Apple: http://t.co/PmanMoAh",neutral,apple
126109969912311810,Would you look at that.. @SouthwestAir does @Apple style welcomes as well. http://t.co/t0TrFnk8 #customerappreciation #custserv,neutral,apple
126106914684796928,got the new @apple update,neutral,apple
126105236229193728,"A brick n mortar @Google store? Coming soon to London, US next? Copying @Apple business model? http://t.co/l4VTHsv5",neutral,apple
126105175294357505,"Hey @twitter and @apple, this is pretty dumb. http://t.co/kubkPO0T",neutral,apple
126104490511319041,If the iPhone 4 case fits the 4S why is @nlevenbrown @apple buying a new one?,neutral,apple
126104322999197696,@apple store to get my phone fixed... ppl lined up for 4s http://t.co/aUHQLiVy,neutral,apple
126104244402126848,@Apple why no Macbook mirroring onto AppleTV via #Airplay?,neutral,apple
126102037057388544,@ATT just so I have this right.I pre-ordered an iphone last wk and it will be here in a month. I could buy in an @apple store today.really?,neutral,apple
126098699196698624,@apple please bring back the old Siri app for us old school iPhone 3 users!,neutral,apple
126095965391298560,"Upgrading my #iPad to #iOS5. When @Apple said it could take a couple of hours to install and restore it, they weren't kidding.",neutral,apple
126094392183357443,"Yeah, there's no @apple twitter account.",neutral,apple
126094029015355392,POLL: http://t.co/Wu6EsvT5 Q:Should @Microsoft consider making its own hardware for #Windows like @Apple does? #Microsoft #Windows #Appl ...,neutral,apple
126094027140513792,POLL: http://t.co/tZBleGaQ Q:Should @Microsoft consider making its own hardware for #Windows like @Apple does? #Microsoft #Windows #Appl ...,neutral,apple
126091878469869568,@ATTCustomerCare @att @apple I already have an ATT wireless line. Can I buy a factory unlocked iPhone 4S with my contract?,neutral,apple
126089815136538624,Lol bet that Android couldnt do that  RT @ceejay3k: I promise this iPhone been at 1% battery for the last 3 hours. I see you @apple.,neutral,apple
126089347639427072,I promise this iPhone been at 1% battery for the last 3 hours. I see you @apple.,neutral,apple
126087892580827137,@APPLE freaks is Siri available for Iphone 4 yet?,neutral,apple
126086553415057408,#Iphone5 can you please make The battery last longer thanks @Apple,neutral,apple
126078565346312192,Found out the hard way today that @webex does not work with @apple ios5 yet when you are following a link for a meeting..,neutral,apple
126073142107045888,"RT @shanmoorthy: Next year is going to be really interesting in tech as @Google, @Amazon, @Facebook and @Apple vie for new growth areas  ...",neutral,apple
126072051118260225,Saw that @apple is covered with msgs 4 steve jobs. Nice to kno ppl r still saying #thankyousteve,neutral,apple
126071173640499200,"iPhone 4 S now RESERVATION only, if you want to buy it in an @apple store tomorrow you have to reserve online after 9pm tonight",neutral,apple
126068964685135872,@apple must be launching a #searchengine - imminent surely. #AppleSearch #AppleCore #bigapple haha! Please be the latter,neutral,apple
126066452787773443,Apple sold 4 million iPhone 4S units on first weekend - Appletell: http://t.co/vs5r1oox #iPhone4S @Apple #fb,neutral,apple
126065529684369408,"@Apple please put the Tab button back in Pages for iPad. That hold my finger down, wait for the insert tab, then touch that for the tab. SMH",neutral,apple
126056940060155904,@RhiannaRaee hanging @apple in tacoma listening to the beatles!,neutral,apple
126055880394420224,In front of the @apple store. So many blue shirts I feel like I'm at a smurf reunion. #iPhone4S,neutral,apple
126054998080622593,"A must read article on @fastcompany about @Apple, @Facebook, @Google, and @Amazon technology war in 2012  http://t.co/nxc7Wo4S",neutral,apple
126054145617694720,@cnbcfastmomey what price should I sell @apple for,neutral,apple
126052649475915776,"Hey @Apple, when did you hire @TheRock to tighten the screws on the bottom cases of your MacBook Pros?  #Ouch #NiceHire",neutral,apple
126051375422504961,#SteveJobs memorial at the Leawood @Apple store. http://t.co/UVgb05G6,neutral,apple
126049560878526464,Hey @apple why is Siri not available for the Mac?,neutral,apple
126044055644807169,waiting for Jacob @fairview @apple storeee,neutral,apple
126040050441011200,iPhone 4S First Weekend Sales Top Four Million: http://t.co/Dm4acTYv via @Apple themselves. Big sales for the new phone.,neutral,apple
126039521853845504,Iphone: Watch Siri &quot;Work&quot; On the Old iPhone 4 - @Gizmodo http://t.co/dGPWL0r0 @apple allow commands from iPhone 4. Stop playin!,neutral,apple
126031463647944704,"@WIREDInsider beautiful, yes. though it simply reminds me of @apple's spinning wheel of death. clock, reinvented: http://t.co/tJcJAqfl",neutral,apple
126030091892432896,Dear @apple: Integrated tweeting in ios5 RAWKS. Plz consider adding @ and # lookup like @twitter app. Thx! http://t.co/5uHsTEPz,neutral,apple
126019432194650113,@brady I am surprised @apple did not think of/anticipate that......,neutral,apple
126018538531061760,#iMessage is here wid iOS5 RIP #BBM @cultofmac @apple,neutral,apple
126016494701256704,RT @carlmilner: RT @petapixel: iPhone 4S vs Canon 5D Mark II - A side-by-side comparison of 1080p HD video: http://t.co/qMyMIV7z &lt;&lt ...,neutral,apple
126014643826208768,@apple @internode #icloud #ios5 #piracy omg no wonder ive used all my downloads!!,neutral,apple
126014214467895297,@apple Iphone's & Ipad's beautiful technology but alltogether mainly a marketing platform. It's obscure is'nt it? Apple lost it's touch.,neutral,apple
126014102379302912,@JarjarTee @apple That's really good. Makes you happy to pay the infamous @apple tax :),neutral,apple
126013626426466304,Hall Pass had me rolling...... @Apple bee's lookin for nookie really,neutral,apple
126012515019784192,@coatgal @apple considering his circumstances - suffering faults on/off for long periods -They replaced his phone with a new as a  goodwill,neutral,apple
126012034545496065,"@coatgal @apple Paul had a chat with an advisor explained the problem : cost ¬£120 repair !!
BUT wait for it , drumroll . . . .",neutral,apple
126012004312956928,"#Steve #Jobs #Tribute iPhone 4S Cases Now Available #iphonecases
http://t.co/2hyurIiq
#stevejobstributecases
@ikaveri @iamsrk @apple",neutral,apple
126011120694726656,"@coatgal had a really interestng experience up in the @Apple store though, Paul was with me up there, faulty #iphone4 - but out of warranty",neutral,apple
126008776322064384,@Apple's Success is Also #Google's Gain as #Mobile #Advertising Balloons http://t.co/0400ynQY,neutral,apple
126007705600135168,"@_alastair w/ respect, the old alternatives were talking to a computer in india or the geek squad. @apple does a pretty great job.",neutral,apple
126006572420833282,"@jackiestone1 yes! Tech peeps talk so much about algorithms, but tech should always tie back to people. @apple proves this #imediasummit",neutral,apple
126006349959135232,The great tech battle ft @facebook @amazon @apple and more http://t.co/ws4lWWXy via @fastcompany,neutral,apple
126004552557273088,Another shrewd business model move by @Amazon http://t.co/OQJRRYFq Rooting for the dark horse in the @facebook @google @apple war? #tech,neutral,apple
126003746135224320,RT @Apple sells 4 million iPhone 4S in 3 days http://t.co/vElmtzNS via @reuters,neutral,apple
126003567315255296,Flowers & Apples shower the Santa Monica @Apple store in honor of #SteveJobs http://t.co/xGf60gMs,neutral,apple
126001989309054976,is it me or @blackberry is begging ppl not to go @apple #iphone http://t.co/X3gdBUyK,neutral,apple
126001758853009409,Do people loved Steve? Check out this photo from @Apple store http://t.co/jIqBGghC,neutral,apple
126000843798491136,RT @petapixel: iPhone 4S vs Canon 5D Mark II - A side-by-side comparison of 1080p HD video: http://t.co/qMyMIV7z &lt;&lt;@apple Wow!!,neutral,apple
125999022908510209,"Why @Apple so valuable, good analysis of trended profits, iOS vs. Microsoft: Comparing the bottom lines  http://t.co/k9qst4R4 via @asymco",neutral,apple
125996330500890624,I am now the proud owner of @apple tv thanks to big bro @steveeadie and family!!,neutral,apple
125994518989385729,"Head to our FB page for a link to the @Apple Community Support Page detailing how to turn off #newsstand auto renewal.

http://t.co/65HPp0tu",neutral,apple
125993105722839040,@apple is profiting a min of $400 per 4s.  They sold 4 million this weekend. That's another 1.6 Billion to Apples coffers! #worldRecession?,neutral,apple
125992838910586880,"Big mo: In one week, @Apple #iCloud hits 20M users; 25M use #iOS 5 http://t.co/HTpUTBFK via @cnet",neutral,apple
125991449455104000,@learmonth @Cue improves iMessage + engages @Apple content partners' customers better http://t.co/hhkvlwFB with social activity messaging,neutral,apple
125990236743405568,@Twitter returns a Error 500 when we try to post the link to @Apple Support Community detailing how to turn off auto renewal subscriptions.,neutral,apple
125990217801940992,RT @kvox: Smart as hell. The Great Tech War Of 2012 (@fmanjoo / @FastCompany) http://t.co/XiJYUoHZ Fab Four: @apple @google @amazon @fac ...,neutral,apple
125989605634879488,@philipgrey @apple it's kinda sad that's the most relevant tweet I've seen today. Or kinda awesome. I'm not sure. #DevProblems,neutral,apple
125989196132388864,Too bad I'm not an @Apple junkie. #icloud #apple #ios5,neutral,apple
125989009091592192,@Apple buried the ability to manage #newsstand subscriptions under App Store Settings. This is inconvenient at best.,neutral,apple
125988775548559360,Smart as hell. The Great Tech War Of 2012 (@fmanjoo / @FastCompany) http://t.co/XiJYUoHZ Fab Four: @apple @google @amazon @facebook,neutral,apple
125984350989860864,Smh at @ItsTheSituation for trying to cut in line for a 4S. Cmon mayne if @Apple's cofounder stood in line then you are too.,neutral,apple
125983179877253120,"Go big or go home @Apple users - here are some apps that make your #4s iPhone ""s-s-super"" http://t.co/t74BQyim via @mashable - MS",neutral,apple
125981074114359297,"But @Apple,  the App Store App could really use TABS.",neutral,apple
125980918220464128,RT @TechHamlet: Thank You Steve : A Song Created for Steve Jobs http://t.co/2vtX8ZJf via @TechHamlet @AzRmusic @Apple #stevejobs #apple,neutral,apple
125980676653723648,@pkedrosky @apple I am just waiting for my conf email from iCloud.,neutral,apple
125980615664336896,"#wheniwas14... @Apple registered the domain name http://t.co/FPvKn1kJ, thus beginning their plan for world domination",neutral,apple
125979228452818944,Thank You Steve : A Song Created for Steve Jobs http://t.co/2vtX8ZJf via @TechHamlet @AzRmusic @Apple #stevejobs #apple,neutral,apple
125978290367381504,Twitter buzz for Best Buy: http://t.co/9SesENTu - RT @acappellamedia OH: Sales guy @BestBuy: &quot;I'm not selling or using any @apple p...,neutral,apple
125975779447291904,Anyone know why we can only read iBooks on the iPhone and iPad? Any ideas how to read them on mac? @apple,neutral,apple
125969677997453312,"Over the weekend, @Apple sold more than 4,000,000 iPhones. That‚Äôs about 16 iPhones sold every second.",neutral,apple
125967560171720704,"Loving these names. ""@Google Chases @Apple With Ice Cream Sandwich"" - http://t.co/u3LchmGD #mobile",neutral,apple
125965569659895808,Going to the @apple store today to get this laptop situation figured out,neutral,apple
125963773176582144,gulp...@Apple sells 4 million iPhone 4S in 3 days - Yahoo! Finance http://t.co/Zv7DXrIA via @YahooFinance,neutral,apple
125962667541270528,Is @Apple's voice #tech really as impressive as the net thinks it is? http://t.co/Rbf23CNX #siri,neutral,apple
125962608519036928,"Next year is going to be really interesting in tech as @Google, @Amazon, @Facebook and @Apple vie for new growth areas http://t.co/kkaKFsCH",neutral,apple
125961033348153345,RT @rickholgate: Packed session on @Apple and @Google at #GartnerSYM. Indicator of today's mindshare?,neutral,apple
125960438981734400,Packed session on @Apple and @Google at #GartnerSYM. Indicator of today's mindshare?,neutral,apple
125958702455988225,This!!!!!! RT @DennieB_15 üë¶üëßüë©üë®üë∂üëµüë¥üë±üë≤üë≥üë∑üíÇüë∏üëÆ..... Um why No black people‚ùî‚ùî‚ùî@Apple,neutral,apple
125958525708021760,üë¶üëßüë©üë®üë∂üëµüë¥üë±üë≤üë≥üë∑üíÇüë∏üëÆ..... Um why No black people‚ùî‚ùî‚ùî@Apple,neutral,apple
125958117086347264,too many companies don't have @apple management-- 60 sec vid-http://bit.ly/pwLpgQ #entrepreneur #startup @scalecomputing #pioniq,neutral,apple
125957965109932032,@apple please provide support for a Bangla keyboard in iOS. It would make the life of many Bengali iOS users easier! #iphone,neutral,apple
125951303770845185,@Apple sells 4 million on the first weekend. @Samsung sold over 30 million Galaxy S II phones globally.,neutral,apple
125950941349421057,Hey @Apple - need more servers for Siri traffic?  I'm sure Google can help you out with that...,neutral,apple
125950505389273090,I wish someone would gift me an unlocked iPhone 4s. #iPhone @Apple,neutral,apple
125948450620702720,#opinion @Samsung need to be careful in @Apple patents issues - it looks a lot like you 'learned' a lot by making their chips!,neutral,apple
125944856504827904,"Now who can guarantee that @apple hd nothing 2 do with @Blackberry RIM server failure?!Days after, over 4million iPhone 4S sold in 3days!?!",neutral,apple
125944293671182336,"RT @Porter_Anderson: ""3 principal global players will be active in every market...@Amazon, @Apple, & @Kobo."" @MikeShatzkin http://t.co/1 ...",neutral,apple
125943115449253888,RT @bsdalton: @apple underplayed the power of the iPad via @mitchjoel &lt;yup #SOCAPac11,neutral,apple
125943078837161984,Ya hoo! @Apple sells 4 million iPhone 4S in 3 days http://t.co/rvdjSMMi (via @news360app) $AAPL,neutral,apple
125943020767019008,@apple underplayed the power of the iPad via @mitchjoel &lt;yup #SOCAPac11,neutral,apple
125940398915977217,"""3 principal global players will be active in every market...@Amazon, @Apple, & @Kobo."" @MikeShatzkin http://t.co/1ndxcMO1 #dbw #metacon",neutral,apple
125940300987371521,dear invisible intern/assistant: please go pick up my computer from the @apple hospital so i can upgrade to iOS5. thanks!,neutral,apple
125939862078619648,#Siri I could have done with out its not that great #iPhone4S I hear the #iPhone5 is coming out #2013 @apple.inc,neutral,apple
125939833775460352,Wow... @Apple sold 4 million iPhone 4S in a single weekend... http://t.co/WDLHZsza,neutral,apple
125938918540574720,"OH: Sales guy @BestBuy: ""I'm not selling or using any @apple products during my mourning period over Job's passing."" hmmm..",neutral,apple
125938325151432706,"i wish my iPOD had a feature, when it's on the dock to scroll the artist, album, and song title in huge font across it... @Apple",neutral,apple
125936985796919296,"@Apple main office is #nowplaying  
A milli - Lil Wayne.",neutral,apple
125936323273048065,@iphone4S  #IBM @apple iphone4s. Siri is not Watson @IBMWatson,neutral,apple
125935636300570624,RT @TravisDommert: Is leaving Steve's photo on the @apple home page what he would really want? In his honor...let's get back to innovati ...,neutral,apple
125935503752171520,"Is leaving Steve's photo on the @apple home page what he would really want? In his honor...let's get back to innovation!  Eh, @mark_newton?",neutral,apple
125935314878476289,@apple @iphone sold more because its in more retail duhhhh. Also woz is correct people dont want tech answer just simple child like ones ok!,neutral,apple
125933630613766144,Is at the @apple store waiting for a poorly iMac to be seen by a genius. Hopefully this will be painless. Not too bad in here.,neutral,apple
125932876721168384,@Apple: Surely iOS5 with it's integrated @Twitter would greatly benefit from moving the # to at least the '123' keyboard page? #simplethings,neutral,apple
125930143066759169,@Apple very disappointed Hogwarts not choice on world clock on iPhone,neutral,apple
125930002607906816,Great video @apple 1987 predicting tablets & a form of #siri at the end of this article RT @jedsinger: (cont) http://t.co/RDBeuCtt,neutral,apple
125927540249473024,IHS: iPhone 4S shows key design and component changes. http://t.co/6tfiGiDV  @apple #apple #iphome4S #ios5,neutral,apple
125927536847880192,IHS: iPhone 4S shows key design and component changes. http://t.co/gZmdzvLe  @apple #apple #iphome4S #ios5,neutral,apple
125927533614084097,IHS: iPhone 4S shows key design and component changes. http://t.co/UxfA8Ukg  @apple #apple #iphome4S #ios5,neutral,apple
125927530761953281,IHS: iPhone 4S shows key design and component changes. http://t.co/Y3Mali6y  @apple #apple #iphome4S #ios5,neutral,apple
125927399010467840,RT @iancollinsuk: Apple have just announced they sold 4 million phones this weekend. Incredible. That recession continues to bite @apple ...,neutral,apple
125927174514540544,Great post on the upcoming Great Tech Wars of 2012! @amazon @apple @google @facebook http://t.co/OSeqhT7W via @cbillich,neutral,apple
125927032185044992,RT @iancollinsuk: Apple have just announced they sold 4 million phones this weekend. Incredible. That recession continues to bite @Apple,neutral,apple
125926624930693121,Apple have just announced they sold 4 million phones this weekend. Incredible. That recession continues to bite @apple #recession,neutral,apple
125922989844856833,RT @jldavid: iPhone 4S First Weekend Sales Top Four Million: http://t.co/O7zqnY7K (via @apple),neutral,apple
125922174648324096,"#BreakingNews @Gizmodo reports: @Apple #iPhone 4S sold over $4 million over the weekend! #TrueStory
  http://t.co/BEj32s6a",neutral,apple
125921393350160384,iPhone 4S First Weekend Sales Top Four Million: http://t.co/O7zqnY7K (via @apple),neutral,apple
125920729194704896,Video: SIRI also gets angry. http://t.co/ksX2XZoR  @chrisvoss @apple #apple #siri #iphone4S #Ai,neutral,apple
125920725595983874,Video: SIRI also gets angry. http://t.co/Ku288WX6  @chrisvoss @apple #apple #siri #iphone4S #Ai,neutral,apple
125920721200361472,Video: SIRI also gets angry. http://t.co/Xx1chZbN  @chrisvoss @apple #apple #siri #iphone4S #Ai,neutral,apple
125920717966544896,Video: SIRI also gets angry. http://t.co/tzigD99b  @chrisvoss @apple #apple #siri #iphone4S #Ai,neutral,apple
125920716297211904,@bxlewi1 hey...do you know why @Apple hasn't added 4G support yet? Seems like an odd omission for such an advanced device.,neutral,apple
125919221845721090,"Really @Apple and @ATT - Removing the 3G/EDGE switch on iOS 5? You do realize that you work on the 3G network in places often, right?",neutral,apple
125918906215968771,Apple sold FOUR MILLION iPhone 4S's in the first weekend: http://t.co/DdU2qM7O (via @Apple) #phonerecord #twiceiphone4sales,neutral,apple
125918450920062977,iPhone 4S 8MP camera : It¬¥s a SONY. http://t.co/X1J8HNZu @sony @apple #apple #iphone4S #cameras,neutral,apple
125918447979872258,iPhone 4S 8MP camera : It¬¥s a SONY. http://t.co/6uYIZeAK @sony @apple #apple #iphone4S #cameras,neutral,apple
125918444762828800,iPhone 4S 8MP camera : It¬¥s a SONY. http://t.co/njTHOi2x @sony @apple #apple #iphone4S #cameras,neutral,apple
125918441013133312,iPhone 4S 8MP camera : It¬¥s a SONY. http://t.co/BIqBEhTb @sony @apple #apple #iphone4S #cameras,neutral,apple
125917264267579393,"@Bestbuy or @Apple to purchase my imac, iPad, and printer? #StudentDiscounts?",neutral,apple
125917174618525696,iPhone 4S: Setup SIRI for your Tweets. http://t.co/fZ216OiJ @apple #apple #iphone #siri,neutral,apple
125917170571026432,iPhone 4S: Setup SIRI for your Tweets. http://t.co/eyHmHSTM @apple #apple #iphone #siri,neutral,apple
125917164535418880,iPhone 4S: Setup SIRI for your Tweets. http://t.co/ws7LINTS @apple #apple #iphone #siri,neutral,apple
125917160982855680,iPhone 4S: Setup SIRI for your Tweets. http://t.co/uecqHL6k @apple #apple #iphone #siri,neutral,apple
125915210337890304,"Ever since I cleaned my Mighty Mouse ball with alcohol to get it rolling again, any time I click the ball it acts like a left click. @Apple",neutral,apple
125908946702696448,@apple So why is Siri only available on the iPhone 4S ?   - http://t.co/QZuNgyLW,neutral,apple
125907633466130432,Lol and what do those look like? RT @TalkYo_ISH: Dear @Apple Can We Get Some Afro-American Emoticons? -Management,neutral,apple
125892140940267522,Cool @apple / Steve Jobs infographic http://t.co/Prb5yx4X @MickH87 - timeline history,neutral,apple
125891898517889024,Talking @Apple keynotes over lunch with @yuvalariav. Challenged him to check something out ;-),neutral,apple
125878880916611072,OK @apple your accessories policy is out of hand. I need a powered line in to use the mic? Are you KIDDING ME?,neutral,apple
125859488728236032,"@Mommy_gaga,  #Win an @Apple iPod Touch and get the @Pampers Hello World Baby Memories App! http://t.co/qEATNMpI #PampersHelloApps",neutral,apple
125854430171111424,"#Siri on @Apple #iPhone4S can allow unauthorized access to texts and emails, even when the phone is locked!! http://t.co/0q5dLt22",neutral,apple
125840474132066304,"If you sign up for iClould, will you also get iRain? @apple #icloud.",neutral,apple
125830917578162176,@Apple Not Likely to Win Appstore Suit Case Against @Amazon http://t.co/GNcDGQsc,neutral,apple
125829040740368384,"Say no to 1,000 things. What are you saying ""no"" to? 7 Rules of Success from Steve Jobs of @apple #prodmgmt #management #innovation",neutral,apple
125828984293425152,ok it is back @iphone @apple,neutral,apple
125826820057731074,Cat accusing tiger for roaring  #Samsung on @Apple,neutral,apple
125824709421039616,@apple and @nintendo need to partner up for the app store,neutral,apple
125823389804929024,"@apple stuck it to @amazon when it unveiled iCloud, showing that the placement of 'i' before the name of even a failed effort yields success",neutral,apple
125821979797364736,@nascarwriter right where I left it last week... #iphone4S #Apple @Apple  http://t.co/ksJh8BAS,neutral,apple
125821218258550784,@paulbentleymelb @apple I think they call that profit-making 'genius',neutral,apple
125817967240949760,What's up with @apple stock going up after #SteveJobs death? #Apple #AppleStock,neutral,apple
125811943054393344,"This is better than *every* magazine having their own #app! @EatMagazine @Apple supports magazines. #Ipad upgrade adds ""Newsstand"" #app",neutral,apple
125807897568481280,@twalve too busy having slappy hissy-fits with Samsung? @Apple,neutral,apple
125804983185719297,Fregon el nuevo facebook para iPod/iPhone haha alomejor ya tiene rato pero yo lo acabo de actualizar @apple,neutral,apple
125801811817922561,"Watching iGenius on @Discovery. Based on first 13 minutes, @Apple never should have gone public in 1980.",neutral,apple
125793487479259136,"Ok, so it was a lion and not a leopard. Too much upgrading this weekend. @apple",neutral,apple
125792596114161665,@virgojud81 well maybe if you would set ya @apple products to send push notifications it would go through.,neutral,apple
125792107930714113,@Apple's #Siri is great but #Google #Android always had that functionality youtu.be/gGbYVvU0Z5s #justsaying,neutral,apple
125727869363163137,"#Win an @Apple iPod Touch from @Mommy_gaga, get the @Pampers Hello World Baby Memories App! http://t.co/zRBak7kL #PampersHelloApps",neutral,apple
125727349034598401,hmm it seems i should have checked the identity of @apple first‚Ä¶,neutral,apple
125727044263874560,"@apple out of respect, I really do think  the Apple logo should be revised to the one you have no doubt seen‚Ä¶ http://t.co/xNKwgxme",neutral,apple
125726769297891330,"#Win an @Apple iPod Touch from @Mommy_gaga, get the @Pampers Hello World Baby Memories App! http://t.co/en0iacwR #PampersHelloApps",neutral,apple
125725274317914112,@boothelk did you know the first @apple home computer to use a mouse was called 'the lisa' ??,neutral,apple
125721197437648896,What? Are we not buying enough iPads already @apple ? Give us a break while we learn to cope with a post Steve Apple http://t.co/w7GTxQZ0,neutral,apple
125708425752612864,@Apple do not buy an iPhone 4s that isn't in the store. THEY ARE NOT MADE YET AND DEFRAUDING YOU,neutral,apple
125703536632807424,@Apple needs to give me a contract deal i get them new customers all the time #teamiphoneÓÄä,neutral,apple
125698733768843264,@HTC vs @Apple who winning,neutral,apple
125695107734319104,@Jhoodmartin @rolandsmartin yes salute to Steve Jobs and @apple. I'm tweeting and you are watching on the IPad. Let's go Schaub time to lead,neutral,apple
125694587313467393,"WOW DOGS!!

@Apple w/Starr earlier - upstairs in the huge soho store and all of a sudden she sprung to attention... http://t.co/b2PLMYVD",neutral,apple
125692890474233856,Digital X Worldwide | Today Is Steve Jobs Day In California @apple http://t.co/QSCHuMIN,neutral,apple
125692845054115842,Watching @cotmtulsa webcast on Joseph  from my iPad on my @apple TV. I love technology. http://t.co/mpBZyl72,neutral,apple
125691975474229248,"Comparing the @apple & @BlackBerry apps/interfaces, can anyone imagine how @BlackBerry could have done worse? #sadreally",neutral,apple
125690764331196416,Waiting patiently for me at the @apple store. @Badog420 http://t.co/NaFaeXuh,neutral,apple
125685016389894144,"RT @Porter_Anderson: ""3 principal global players will be active in every market...@Amazon, @Apple, & @Kobo."" #fbf11 #publaunch @MikeShat ...",neutral,apple
125679996420374530,@apple http://t.co/2YcsCG68 via @donorschoose,neutral,apple
125677838295764992,I just told my @apple 4S she was a stupid bitch and her reply was if you insist #lol,neutral,apple
125674121722998785,Why can't I check just Notes (without mail) on Lion for #iCloud like I do on the iOS devices @apple ?,neutral,apple
125669834922008576,You need to ask #Siri her favorite color and the average speed of an unladen swallow. Seems Someone @apple is a Monty python fan,neutral,apple
125667332931596290,"""3 principal global players will be active in every market...@Amazon, @Apple, & @Kobo."" #fbf11 #publaunch @MikeShatzkin http://t.co/1ndxcMO1",neutral,apple
125666909080387584,"If I was @Apple, I'd publicly denounce and file suit against @Nuance. Then buy 'em on the cheap. #Siri",neutral,apple
125665930339565568,"@NoVaTyler I lost a lot that I paid for @apple @WordsWFriends etc! #nothappy oh well, poop happens",neutral,apple
125664999036301312,The folks at @apple are awesome! So glad I a #mactard,neutral,apple
125664891691474944,"Waiting at end of 20 person line after checking in on time for my ""genius bar"" appt. @apple store...I do not find this system ""genius"" #FAIL",neutral,apple
125663967296229376,"While the improvements in @Apple Mac OS 10.7 #Lion are great, the full-screen implementation on 2 monitors is broken.",neutral,apple
125661036891226113,@mcp111 @apple @AppStore Why are you asking us? Apple don't read messages on Twitter... and Apple aren't @Apple either,neutral,apple
125660067482697729,@nansen @apple I have not heard of that. Hubby had no problems- I have not done it yet.,neutral,apple
125657950185463808,"RT @TerryStorch: With @twitter and @apple partnership, would be great if SMS from 40404 to iOS devices would use imessage.",neutral,apple
125647236418912256,Dear @apple can I still use #iWeb for my #mobileme website if I convert to iCloud with my Apple ID for mail and iCal??? #help #dtv thanks!,neutral,apple
125645376790331392,#California Governor @JerryBrown declares today #SteveJobsDay in his State. Music video tribute  http://t.co/mNr1HIx2 @mashable @cnet @apple,neutral,apple
125642256114909184,Lmao RT @RobynheaRtz: He asked Siri where's the hoes at & she told him where the nearest escorts were I love @apple,neutral,apple
125642041140060160,He asked Siri where's the hoes at & she told him where the nearest escorts were I love @apple,neutral,apple
125640758966484992,What's up #twitpeeps? How's every @apple user liking iOS 5?,neutral,apple
125638955952640000,"@Reddclay81 now that were done prasing @Apple 's #iOS5

Everyone go subscribe to notsosuperpro! #shamlessselfpromotion",neutral,apple
125633549847117824,"on that @Apple shit hard, change my twitter name to @_iFynest",neutral,apple
125633468708302848,I want Siri on my iPhone4 ! @apple,neutral,apple
125633233982459904,"So @apple the new iMessage is great and all, but is there a way to default to SMS when I'm not on wifi? I have limited data.",neutral,apple
125630955154190336,@apple store #Towson waiting at Genius bar - huge crowd waiting for #iPhone 4s @michaelmark @nicolelil http://t.co/x92sweCh,neutral,apple
125630836245676033,@Apple's Steve Jobs Gets His Day | PCWorld http://t.co/6gT6w2Od,neutral,apple
125629788563050496,Why didn't @Apple merge the address and search bars in Safari ala Crome in iOS 5? #simplethings,neutral,apple
125627732032888833,"@reddclay81 Well then!

P.S. Did you respond so fast because of @Apple 's #iOS5 ?",neutral,apple
125626286939979776,"@adityasood @apple @Quora I totally agree, was talking w/friends about that yesterday. Siri Everywhere!",neutral,apple
125625630254567424,How much do @Apple‚Äôs factories cost? | asymco http://t.co/GH0tvqMO,neutral,apple
